<?xml version="1.0" encoding="UTF-8"?>
<project-private xmlns="http://www.netbeans.org/ns/project-private/1">
    <editor-bookmarks xmlns="http://www.netbeans.org/ns/editor-bookmarks/2" lastBookmarkId="0"/>
    <open-files xmlns="http://www.netbeans.org/ns/projectui-open-files/2">
        <group>
            <file>file:/D:/NetBeansProjects/SubjectInfoWebApp/web/subject_details.jsp</file>
            <file>file:/D:/NetBeansProjects/SubjectInfoWebApp/web/menu.html</file>
            <file>file:/D:/NetBeansProjects/SubjectInfoWebApp/src/java/za/ac/tut/web/SubjectDetailsServlet.java</file>
            <file>file:/D:/NetBeansProjects/SubjectInfoWebApp/src/java/za/ac/tut/web/SoshLecturersDetailsServlet.java</file>
            <file>file:/D:/NetBeansProjects/SubjectInfoWebApp/web/index.html</file>
            <file>file:/D:/NetBeansProjects/SubjectInfoWebApp/web/sosh_lecs.jsp</file>
            <file>file:/D:/NetBeansProjects/SubjectInfoWebApp/web/WEB-INF/web.xml</file>
        </group>
    </open-files>
</project-private>
